GameUID,PitchNo,PitchUID,PlayID,Date,Time,UTCDate,UTCTime,LocalDateTime,UTCDateTime,PitcherTeam,BatterTeam,PitchCall,PlayResult,DetectedShift,1B_PositionAtReleaseX,1B_PositionAtReleaseZ,2B_PositionAtReleaseX,2B_PositionAtReleaseZ,3B_PositionAtReleaseX,3B_PositionAtReleaseZ,SS_PositionAtReleaseX,SS_PositionAtReleaseZ,LF_PositionAtReleaseX,LF_PositionAtReleaseZ,CF_PositionAtReleaseX,CF_PositionAtReleaseZ,RF_PositionAtReleaseX,RF_PositionAtReleaseZ,1B_Name,1B_Id,2B_Name,2B_Id,3B_Name,3B_Id,SS_Name,SS_Id,LF_Name,LF_Id,CF_Name,CF_Id,RF_Name,RF_Id,FHC
f33c08e4-f3f5-406d-94d9-11c028960642,1,08873e50-9587-11f0-8eba-7b90a1f8ec28,d7f8ffa4-2d62-4c2e-8690-56ed10dd9213,2025-09-19,11:32:43.74,2025-09-19,18:32:43.74,2025-09-19T11:32:43.7460000-07:00,2025-09-19T18:32:43.7460000Z,SAN_BAR1,SAN_BAR1,Undefined,Undefined,NoShift,70.03154,66.16389,147.61342,86.84156,,,206.19913,-23.8331,212.8389,-126.36846,452.80162,52.09418,163.76748,109.9061,"Hoye, Jaxson",10877074,"Griffith, Hudson",1000200787,"Kruse, Jacob",10877636,"Fong, Jared",1000371745,"Franco, Dominic",10877067,"Sanchez, Austin",1000475184,"Frankel, Reece",1000202518,true
f33c08e4-f3f5-406d-94d9-11c028960642,2,2f4ea720-9588-11f0-8eba-7b90a1f8ec28,ad596698-4f93-44da-90f4-0b9d5d2add37,2025-09-19,11:40:58.44,2025-09-19,18:40:58.44,2025-09-19T11:40:58.4480000-07:00,2025-09-19T18:40:58.4480000Z,SAN_BAR1,SAN_BAR1,Undefined,Undefined,NoShift,64.91389,61.58312,,,94.00158,-69.21959,,,289.35555,-180.62876,293.81486,5.97761,243.31425,127.1441,"Hoye, Jaxson",10877074,"Griffith, Hudson",1000200787,"Kruse, Jacob",10877636,"Fong, Jared",1000371745,"Franco, Dominic",10877067,"Sanchez, Austin",1000475184,"Frankel, Reece",1000202518,true
f33c08e4-f3f5-406d-94d9-11c028960642,3,373e8360-9588-11f0-8eba-7b90a1f8ec28,03f0ccb2-693a-4be9-8e62-190f5be0c380,2025-09-19,11:41:11.80,2025-09-19,18:41:11.80,2025-09-19T11:41:11.8050000-07:00,2025-09-19T18:41:11.8050000Z,SAN_BAR1,SAN_BAR1,Undefined,Undefined,NoShift,64.2836,61.92062,,,99.31116,-67.71381,137.66809,-39.83448,283.88932,-163.67,295.01718,-1.20339,248.04264,132.96353,"Hoye, Jaxson",10877074,"Griffith, Hudson",1000200787,"Kruse, Jacob",10877636,"Fong, Jared",1000371745,"Franco, Dominic",10877067,"Sanchez, Austin",1000475184,"Frankel, Reece",1000202518,true
f33c08e4-f3f5-406d-94d9-11c028960642,4,6aa1e0d0-9588-11f0-8eba-7b90a1f8ec28,d445c3f3-0744-483c-866c-c479c4ba80f8,2025-09-19,11:42:37.81,2025-09-19,18:42:37.81,2025-09-19T11:42:37.8130000-07:00,2025-09-19T18:42:37.8130000Z,SAN_BAR1,SAN_BAR1,Undefined,Undefined,NoShift,90.61399,72.27685,131.67703,27.55254,86.42456,-56.12031,134.58018,-31.3794,248.28409,-137.51384,297.79286,-6.22393,232.96391,127.79146,"Hoye, Jaxson",10877074,"Griffith, Hudson",1000200787,"Kruse, Jacob",10877636,"Fong, Jared",1000371745,"Franco, Dominic",10877067,"Sanchez, Austin",1000475184,"Frankel, Reece",1000202518,true
f33c08e4-f3f5-406d-94d9-11c028960642,5,79554e50-9588-11f0-8eba-7b90a1f8ec28,6e16f31c-a75d-4a95-bd52-45ff49f84ffe,2025-09-19,11:43:02.46,2025-09-19,18:43:02.46,2025-09-19T11:43:02.4630000-07:00,2025-09-19T18:43:02.4630000Z,SAN_BAR1,SAN_BAR1,Undefined,Undefined,NoShift,92.63072,71.99704,131.18374,28.23925,87.26451,-56.91325,136.41594,-29.1359,251.33687,-131.98428,296.59918,-6.71407,227.87959,121.72444,"Hoye, Jaxson",10877074,"Griffith, Hudson",1000200787,"Kruse, Jacob",10877636,"Fong, Jared",1000371745,"Franco, Dominic",10877067,"Sanchez, Austin",1000475184,"Frankel, Reece",1000202518,true
f33c08e4-f3f5-406d-94d9-11c028960642,6,82ced7d0-9588-11f0-8eba-7b90a1f8ec28,8789a805-f80b-4e21-a9ed-4804ba29d033,2025-09-19,11:43:18.57,2025-09-19,18:43:18.57,2025-09-19T11:43:18.5700000-07:00,2025-09-19T18:43:18.5700000Z,SAN_BAR1,SAN_BAR1,Undefined,Undefined,NoShift,96.41725,74.52546,131.56686,30.69727,88.60161,-58.68852,135.86173,-29.20527,243.42789,-126.39089,293.35581,4.30355,225.51033,121.31888,"Hoye, Jaxson",10877074,"Griffith, Hudson",1000200787,"Kruse, Jacob",10877636,"Fong, Jared",1000371745,"Franco, Dominic",10877067,"Sanchez, Austin",1000475184,"Frankel, Reece",1000202518,true
f33c08e4-f3f5-406d-94d9-11c028960642,7,90ec46e0-9588-11f0-8eba-7b90a1f8ec28,3a133241-81ff-446a-966b-e8d9c8bc955b,2025-09-19,11:43:42.25,2025-09-19,18:43:42.25,2025-09-19T11:43:42.2570000-07:00,2025-09-19T18:43:42.2570000Z,SAN_BAR1,SAN_BAR1,Undefined,Undefined,NoShift,88.91374,63.89875,139.14377,44.9775,90.03085,-58.41022,138.72203,-35.40981,338.41807,-201.36263,290.04014,2.39255,226.86758,123.08875,"Hoye, Jaxson",10877074,"Griffith, Hudson",1000200787,"Kruse, Jacob",10877636,"Fong, Jared",1000371745,"Franco, Dominic",10877067,"Sanchez, Austin",1000475184,"Frankel, Reece",1000202518,true
f33c08e4-f3f5-406d-94d9-11c028960642,8,9d90d190-9588-11f0-8eba-7b90a1f8ec28,5f89eeba-8f7b-4243-ae8a-928206a31b5a,2025-09-19,11:44:03.24,2025-09-19,18:44:03.24,2025-09-19T11:44:03.2480000-07:00,2025-09-19T18:44:03.2480000Z,SAN_BAR1,SAN_BAR1,Undefined,Undefined,NoShift,87.04739,67.96145,130.78587,29.77747,86.79303,-54.86415,134.05043,-27.93664,244.67975,-128.05237,290.81347,-1.75289,231.28067,126.21649,"Hoye, Jaxson",10877074,"Griffith, Hudson",1000200787,"Kruse, Jacob",10877636,"Fong, Jared",1000371745,"Franco, Dominic",10877067,"Sanchez, Austin",1000475184,"Frankel, Reece",1000202518,true
f33c08e4-f3f5-406d-94d9-11c028960642,9,aa90e9c0-9588-11f0-8eba-7b90a1f8ec28,baa6c957-0235-4fcb-a49f-96a622c9662c,2025-09-19,11:44:25.27,2025-09-19,18:44:25.27,2025-09-19T11:44:25.2730000-07:00,2025-09-19T18:44:25.2730000Z,SAN_BAR1,SAN_BAR1,Undefined,Undefined,NoShift,85.88845,66.10835,130.63711,25.36774,87.68546,-56.26496,137.90638,-30.14651,245.67847,-126.10059,297.17063,-3.38601,237.15462,129.40991,"Hoye, Jaxson",10877074,"Griffith, Hudson",1000200787,"Kruse, Jacob",10877636,"Fong, Jared",1000371745,"Franco, Dominic",10877067,"Sanchez, Austin",1000475184,"Frankel, Reece",1000202518,true
f33c08e4-f3f5-406d-94d9-11c028960642,10,b99a1860-9588-11f0-8eba-7b90a1f8ec28,01b4a883-370d-4613-8b82-fe5b976c329e,2025-09-19,11:44:50.31,2025-09-19,18:44:50.31,2025-09-19T11:44:50.3140000-07:00,2025-09-19T18:44:50.3140000Z,SAN_BAR1,SAN_BAR1,Undefined,Undefined,NoShift,88.76576,62.897,132.90965,25.97806,88.5121,-56.54377,137.14226,-29.36785,339.68094,-202.15175,298.1514,12.29041,235.5874,127.77149,"Hoye, Jaxson",10877074,"Griffith, Hudson",1000200787,"Kruse, Jacob",10877636,"Fong, Jared",1000371745,"Franco, Dominic",10877067,"Sanchez, Austin",1000475184,"Frankel, Reece",1000202518,true
f33c08e4-f3f5-406d-94d9-11c028960642,11,d8f45ef0-9588-11f0-8eba-7b90a1f8ec28,b64b5a62-93a2-4fb7-bd83-312aa5bd9387,2025-09-19,11:45:43.10,2025-09-19,18:45:43.10,2025-09-19T11:45:43.1030000-07:00,2025-09-19T18:45:43.1030000Z,SAN_BAR1,SAN_BAR1,Undefined,Undefined,NoShift,93.15022,73.90901,132.78541,25.7013,87.88575,-56.61141,135.0616,-29.6451,253.46116,-129.33994,313.18622,-26.71889,227.03156,129.78148,"Hoye, Jaxson",10877074,"Griffith, Hudson",1000200787,"Kruse, Jacob",10877636,"Fong, Jared",1000371745,"Franco, Dominic",10877067,"Sanchez, Austin",1000475184,"Frankel, Reece",1000202518,true
f33c08e4-f3f5-406d-94d9-11c028960642,12,e93e7200-9588-11f0-8eba-7b90a1f8ec28,ee4d4081-e9ae-41d6-9c85-f52e862bc75a,2025-09-19,11:46:10.42,2025-09-19,18:46:10.42,2025-09-19T11:46:10.4290000-07:00,2025-09-19T18:46:10.4290000Z,SAN_BAR1,SAN_BAR1,Undefined,Undefined,NoShift,78.97163,67.07405,130.29716,26.43092,87.03986,-55.32226,133.65242,-28.58434,282.36937,-177.36641,302.79844,5.98982,232.29805,130.71143,"Hoye, Jaxson",10877074,"Griffith, Hudson",1000200787,"Kruse, Jacob",10877636,"Fong, Jared",1000371745,"Franco, Dominic",10877067,"Sanchez, Austin",1000475184,"Frankel, Reece",1000202518,true
f33c08e4-f3f5-406d-94d9-11c028960642,13,f6d76ed0-9588-11f0-8eba-7b90a1f8ec28,d0d7c51d-ad1b-4b59-ac2b-d23269ccd5c5,2025-09-19,11:46:33.23,2025-09-19,18:46:33.23,2025-09-19T11:46:33.2370000-07:00,2025-09-19T18:46:33.2370000Z,SAN_BAR1,SAN_BAR1,Undefined,Undefined,NoShift,88.91433,77.44621,130.29627,28.90029,87.51402,-55.8463,133.93838,-29.24386,251.22299,-123.41529,299.53257,3.93712,232.67681,129.7083,"Hoye, Jaxson",10877074,"Griffith, Hudson",1000200787,"Kruse, Jacob",10877636,"Fong, Jared",1000371745,"Franco, Dominic",10877067,"Sanchez, Austin",1000475184,"Frankel, Reece",1000202518,true
f33c08e4-f3f5-406d-94d9-11c028960642,14,0544d2a0-9589-11f0-8eba-7b90a1f8ec28,60bb7ae5-dfd6-40d6-8e54-a7a6aa552e25,2025-09-19,11:46:57.39,2025-09-19,18:46:57.39,2025-09-19T11:46:57.3980000-07:00,2025-09-19T18:46:57.3980000Z,SAN_BAR1,SAN_BAR1,Undefined,Undefined,NoShift,83.14896,65.41943,128.24899,27.87687,88.4445,-57.14605,135.13395,-29.56553,256.78485,-126.46017,296.18044,9.22914,232.21213,128.13269,"Hoye, Jaxson",10877074,"Griffith, Hudson",1000200787,"Kruse, Jacob",10877636,"Fong, Jared",1000371745,"Franco, Dominic",10877067,"Sanchez, Austin",1000475184,"Frankel, Reece",1000202518,true
f33c08e4-f3f5-406d-94d9-11c028960642,15,22a43390-9589-11f0-8eba-7b90a1f8ec28,1548c672-3502-47ff-a337-6d0e7781694e,2025-09-19,11:47:46.54,2025-09-19,18:47:46.54,2025-09-19T11:47:46.5450000-07:00,2025-09-19T18:47:46.5450000Z,SAN_BAR1,SAN_BAR1,Undefined,Undefined,NoShift,96.18903,68.02337,130.51321,27.01642,87.48768,-56.11223,132.39038,-30.47657,245.62923,-124.53374,297.90856,14.94865,261.84138,167.55008,"Hoye, Jaxson",10877074,"Griffith, Hudson",1000200787,"Kruse, Jacob",10877636,"Fong, Jared",1000371745,"Franco, Dominic",10877067,"Sanchez, Austin",1000475184,"Frankel, Reece",1000202518,true
f33c08e4-f3f5-406d-94d9-11c028960642,16,4763b3e0-9589-11f0-8eba-7b90a1f8ec28,703a8fb6-b0aa-4c01-9f83-b3c05aba0fc9,2025-09-19,11:48:48.14,2025-09-19,18:48:48.14,2025-09-19T11:48:48.1470000-07:00,2025-09-19T18:48:48.1470000Z,SAN_BAR1,SAN_BAR1,Undefined,Undefined,NoShift,61.49955,57.80366,137.36449,17.86206,77.8282,-54.43037,139.35847,-28.07927,256.37645,-126.37597,300.60212,-15.62074,261.97904,156.58107,"Hoye, Jaxson",10877074,"Griffith, Hudson",1000200787,"Kruse, Jacob",10877636,"Fong, Jared",1000371745,"Franco, Dominic",10877067,"Sanchez, Austin",1000475184,"Frankel, Reece",1000202518,true
f33c08e4-f3f5-406d-94d9-11c028960642,17,51e90810-9589-11f0-8eba-7b90a1f8ec28,1b70e934-7001-4f2a-84b6-3bc42e327a10,2025-09-19,11:49:05.98,2025-09-19,18:49:05.98,2025-09-19T11:49:05.9880000-07:00,2025-09-19T18:49:05.9880000Z,SAN_BAR1,SAN_BAR1,Undefined,Undefined,NoShift,62.57961,61.71851,137.24215,20.43135,77.78801,-54.4606,,,249.84202,-117.13448,299.18818,-15.46669,260.998,153.55595,"Hoye, Jaxson",10877074,"Griffith, Hudson",1000200787,"Kruse, Jacob",10877636,"Fong, Jared",1000371745,"Franco, Dominic",10877067,"Sanchez, Austin",1000475184,"Frankel, Reece",1000202518,true
f33c08e4-f3f5-406d-94d9-11c028960642,18,5be1fac0-9589-11f0-8eba-7b90a1f8ec28,32b9b98c-db94-47e8-81c7-02b25dbc086a,2025-09-19,11:49:22.75,2025-09-19,18:49:22.75,2025-09-19T11:49:22.7500000-07:00,2025-09-19T18:49:22.7500000Z,SAN_BAR1,SAN_BAR1,Undefined,Undefined,NoShift,79.72741,69.77238,136.6406,28.77786,77.86526,-54.6948,137.29822,-29.24835,347.81487,-210.01409,295.02743,-15.06745,261.32609,153.72669,"Hoye, Jaxson",10877074,"Griffith, Hudson",1000200787,"Kruse, Jacob",10877636,"Fong, Jared",1000371745,"Franco, Dominic",10877067,"Sanchez, Austin",1000475184,"Frankel, Reece",1000202518,true
f33c08e4-f3f5-406d-94d9-11c028960642,19,6dfbebd0-9589-11f0-8eba-7b90a1f8ec28,811a61e4-fbff-4a29-86f6-ea113af63123,2025-09-19,11:49:52.86,2025-09-19,18:49:52.86,2025-09-19T11:49:52.8660000-07:00,2025-09-19T18:49:52.8660000Z,SAN_BAR1,SAN_BAR1,Undefined,Undefined,NoShift,82.20568,75.05719,135.15508,20.96041,74.89345,-50.5042,143.48676,-20.42964,253.70208,-126.31773,287.03136,-16.26438,262.92144,155.57005,"Hoye, Jaxson",10877074,"Griffith, Hudson",1000200787,"Kruse, Jacob",10877636,"Fong, Jared",1000371745,"Franco, Dominic",10877067,"Sanchez, Austin",1000475184,"Frankel, Reece",1000202518,true
f33c08e4-f3f5-406d-94d9-11c028960642,20,7d0eb760-9589-11f0-8eba-7b90a1f8ec28,f457377f-8985-4cee-86ae-87699eb34b83,2025-09-19,11:50:18.38,2025-09-19,18:50:18.38,2025-09-19T11:50:18.3870000-07:00,2025-09-19T18:50:18.3870000Z,SAN_BAR1,SAN_BAR1,Undefined,Undefined,NoShift,64.08429,59.61836,130.53577,26.811,76.33194,-47.9879,135.48321,-23.97958,249.02375,-122.06496,283.80723,-11.62848,238.38174,129.63068,"Hoye, Jaxson",10877074,"Griffith, Hudson",1000200787,"Kruse, Jacob",10877636,"Fong, Jared",1000371745,"Franco, Dominic",10877067,"Sanchez, Austin",1000475184,"Frankel, Reece",1000202518,true
f33c08e4-f3f5-406d-94d9-11c028960642,21,99e86d90-9589-11f0-8eba-7b90a1f8ec28,0b8439df-1cd6-4954-a4b6-cc494cbf9da4,2025-09-19,11:51:06.81,2025-09-19,18:51:06.81,2025-09-19T11:51:06.8140000-07:00,2025-09-19T18:51:06.8140000Z,SAN_BAR1,SAN_BAR1,Undefined,Undefined,NoShift,90.92514,66.02519,131.4535,25.74349,75.08284,-49.7594,134.97465,-27.47187,243.90212,-127.39025,284.61174,-10.1482,255.54991,152.14844,"Hoye, Jaxson",10877074,"Griffith, Hudson",1000200787,"Kruse, Jacob",10877636,"Fong, Jared",1000371745,"Franco, Dominic",10877067,"Sanchez, Austin",1000475184,"Frankel, Reece",1000202518,true
f33c08e4-f3f5-406d-94d9-11c028960642,22,a5c3b4d0-9589-11f0-8eba-7b90a1f8ec28,0bd61aaf-d44d-4a7c-8b1d-1132a981532c,2025-09-19,11:51:26.67,2025-09-19,18:51:26.67,2025-09-19T11:51:26.6730000-07:00,2025-09-19T18:51:26.6730000Z,SAN_BAR1,SAN_BAR1,Undefined,Undefined,NoShift,95.91658,70.07813,132.27736,25.44185,77.09289,-49.1431,136.03122,-28.32613,246.30034,-124.92133,284.38454,-8.59947,255.40738,150.82662,"Hoye, Jaxson",10877074,"Griffith, Hudson",1000200787,"Kruse, Jacob",10877636,"Fong, Jared",1000371745,"Franco, Dominic",10877067,"Sanchez, Austin",1000475184,"Frankel, Reece",1000202518,true
f33c08e4-f3f5-406d-94d9-11c028960642,23,b0e2ff10-9589-11f0-8eba-7b90a1f8ec28,10460e05-9054-477f-a68b-0bcfcd66a2db,2025-09-19,11:51:45.32,2025-09-19,18:51:45.32,2025-09-19T11:51:45.3260000-07:00,2025-09-19T18:51:45.3260000Z,SAN_BAR1,SAN_BAR1,Undefined,Undefined,NoShift,91.1091,69.23583,131.55281,27.46476,75.03954,-48.51849,138.09293,-27.77536,244.80247,-125.34636,286.35688,-9.10743,256.06651,150.5607,"Hoye, Jaxson",10877074,"Griffith, Hudson",1000200787,"Kruse, Jacob",10877636,"Fong, Jared",1000371745,"Franco, Dominic",10877067,"Sanchez, Austin",1000475184,"Frankel, Reece",1000202518,true
f33c08e4-f3f5-406d-94d9-11c028960642,24,c0d0c150-9589-11f0-8eba-7b90a1f8ec28,d5ea1b4c-f647-4720-b01d-5cddccd8115f,2025-09-19,11:52:12.09,2025-09-19,18:52:12.09,2025-09-19T11:52:12.0930000-07:00,2025-09-19T18:52:12.0930000Z,SAN_BAR1,SAN_BAR1,Undefined,Undefined,NoShift,88.95831,68.79675,133.98638,25.39783,75.20576,-49.17564,136.6501,-27.31535,243.39679,-129.76103,284.30512,-10.16113,254.57473,149.85285,"Hoye, Jaxson",10877074,"Griffith, Hudson",1000200787,"Kruse, Jacob",10877636,"Fong, Jared",1000371745,"Franco, Dominic",10877067,"Sanchez, Austin",1000475184,"Frankel, Reece",1000202518,true
f33c08e4-f3f5-406d-94d9-11c028960642,25,cee86400-9589-11f0-8eba-7b90a1f8ec28,81f1fe33-5a8a-44a6-8e49-89b974269e1c,2025-09-19,11:52:35.56,2025-09-19,18:52:35.56,2025-09-19T11:52:35.5620000-07:00,2025-09-19T18:52:35.5620000Z,SAN_BAR1,SAN_BAR1,Undefined,Undefined,NoShift,83.93571,75.55013,131.9609,24.26606,74.51095,-48.84371,136.74733,-26.28937,249.75645,-128.80144,281.7873,-9.86436,259.11874,152.12648,"Hoye, Jaxson",10877074,"Griffith, Hudson",1000200787,"Kruse, Jacob",10877636,"Fong, Jared",1000371745,"Franco, Dominic",10877067,"Sanchez, Austin",1000475184,"Frankel, Reece",1000202518,true
f33c08e4-f3f5-406d-94d9-11c028960642,26,e88788a0-9589-11f0-8eba-7b90a1f8ec28,501b97b5-cfc5-4065-87d2-e9c2dd085e52,2025-09-19,11:53:18.69,2025-09-19,18:53:18.69,2025-09-19T11:53:18.6900000-07:00,2025-09-19T18:53:18.6900000Z,SAN_BAR1,SAN_BAR1,Undefined,Undefined,NoShift,83.91971,72.23483,133.32387,22.16155,74.57458,-49.74843,140.90877,-29.50441,241.61038,-129.60104,299.60909,-15.75677,257.44528,156.58758,"Hoye, Jaxson",10877074,"Griffith, Hudson",1000200787,"Kruse, Jacob",10877636,"Fong, Jared",1000371745,"Franco, Dominic",10877067,"Sanchez, Austin",1000475184,"Frankel, Reece",1000202518,true
f33c08e4-f3f5-406d-94d9-11c028960642,27,f46ae630-9589-11f0-8eba-7b90a1f8ec28,75c37d24-e407-4ef9-b0a2-8338344d7912,2025-09-19,11:53:38.67,2025-09-19,18:53:38.67,2025-09-19T11:53:38.6770000-07:00,2025-09-19T18:53:38.6770000Z,SAN_BAR1,SAN_BAR1,Undefined,Undefined,NoShift,83.56576,75.94948,131.69368,23.47423,73.25219,-50.31368,137.78376,-26.97253,246.62251,-133.23555,301.799,-14.63057,252.87471,153.93683,"Hoye, Jaxson",10877074,"Griffith, Hudson",1000200787,"Kruse, Jacob",10877636,"Fong, Jared",1000371745,"Franco, Dominic",10877067,"Sanchez, Austin",1000475184,"Frankel, Reece",1000202518,true
f33c08e4-f3f5-406d-94d9-11c028960642,28,ffd47fe0-9589-11f0-8eba-7b90a1f8ec28,173e97ed-44ee-4f07-b6e8-d43af7097cb3,2025-09-19,11:53:57.77,2025-09-19,18:53:57.77,2025-09-19T11:53:57.7700000-07:00,2025-09-19T18:53:57.7700000Z,SAN_BAR1,SAN_BAR1,Undefined,Undefined,NoShift,83.99224,73.68676,130.73611,27.68946,74.70467,-51.72383,138.47825,-27.39107,244.06031,-128.55825,300.10357,-17.11359,250.14498,156.40365,"Hoye, Jaxson",10877074,"Griffith, Hudson",1000200787,"Kruse, Jacob",10877636,"Fong, Jared",1000371745,"Franco, Dominic",10877067,"Sanchez, Austin",1000475184,"Frankel, Reece",1000202518,true
f33c08e4-f3f5-406d-94d9-11c028960642,29,1002cd90-958a-11f0-8eba-7b90a1f8ec28,c6202549-cd8f-437d-a027-fb5b8308781c,2025-09-19,11:54:24.82,2025-09-19,18:54:24.82,2025-09-19T11:54:24.8240000-07:00,2025-09-19T18:54:24.8240000Z,SAN_BAR1,SAN_BAR1,Undefined,Undefined,NoShift,62.81414,57.13238,131.81318,25.89839,74.85315,-51.26292,138.2513,-28.60422,245.93001,-129.61635,299.69767,-17.05306,251.52153,158.197,"Hoye, Jaxson",10877074,"Griffith, Hudson",1000200787,"Kruse, Jacob",10877636,"Fong, Jared",1000371745,"Franco, Dominic",10877067,"Sanchez, Austin",1000475184,"Frankel, Reece",1000202518,true
f33c08e4-f3f5-406d-94d9-11c028960642,30,1b5312e0-958a-11f0-8eba-7b90a1f8ec28,b8032de5-5fc6-4458-8201-89bdce9bb18f,2025-09-19,11:54:43.70,2025-09-19,18:54:43.70,2025-09-19T11:54:43.7050000-07:00,2025-09-19T18:54:43.7050000Z,SAN_BAR1,SAN_BAR1,Undefined,Undefined,NoShift,95.57183,68.72493,132.58917,26.54765,75.94339,-50.65051,141.42952,-30.23506,248.68221,-127.89777,301.08925,-17.0873,254.253,154.66924,"Hoye, Jaxson",10877074,"Griffith, Hudson",1000200787,"Kruse, Jacob",10877636,"Fong, Jared",1000371745,"Franco, Dominic",10877067,"Sanchez, Austin",1000475184,"Frankel, Reece",1000202518,true
f33c08e4-f3f5-406d-94d9-11c028960642,31,24ef8db0-958a-11f0-8eba-7b90a1f8ec28,2275e0fa-6b85-4d14-bec7-d73f345dab25,2025-09-19,11:55:00.04,2025-09-19,18:55:00.04,2025-09-19T11:55:00.0420000-07:00,2025-09-19T18:55:00.0420000Z,SAN_BAR1,SAN_BAR1,Undefined,Undefined,NoShift,91.55995,72.55056,131.06259,26.81723,74.16179,-48.84187,139.4237,-28.961,250.82594,-127.87729,300.51257,-19.70249,255.01433,151.79428,"Hoye, Jaxson",10877074,"Griffith, Hudson",1000200787,"Kruse, Jacob",10877636,"Fong, Jared",1000371745,"Franco, Dominic",10877067,"Sanchez, Austin",1000475184,"Frankel, Reece",1000202518,true
f33c08e4-f3f5-406d-94d9-11c028960642,32,365263c0-958a-11f0-8eba-7b90a1f8ec28,a984b806-844f-4f52-9934-37b34b402696,2025-09-19,11:55:29.23,2025-09-19,18:55:29.23,2025-09-19T11:55:29.2340000-07:00,2025-09-19T18:55:29.2340000Z,SAN_BAR1,SAN_BAR1,Undefined,Undefined,NoShift,79.79261,70.71047,130.80778,24.83301,73.96469,-49.64476,138.70729,-27.62987,247.41755,-128.87706,302.49489,-20.47826,246.98515,156.91952,"Hoye, Jaxson",10877074,"Griffith, Hudson",1000200787,"Kruse, Jacob",10877636,"Fong, Jared",1000371745,"Franco, Dominic",10877067,"Sanchez, Austin",1000475184,"Frankel, Reece",1000202518,true
f33c08e4-f3f5-406d-94d9-11c028960642,33,4f077680-958a-11f0-8eba-7b90a1f8ec28,bef4ea9c-0dc7-4dab-8852-86b57b7afa31,2025-09-19,11:56:10.63,2025-09-19,18:56:10.63,2025-09-19T11:56:10.6360000-07:00,2025-09-19T18:56:10.6360000Z,SAN_BAR1,SAN_BAR1,Undefined,Undefined,NoShift,88.47433,64.72342,160.65053,32.90788,81.52825,-56.26291,142.00742,-29.32003,245.82556,-134.49864,296.40905,-16.33135,244.93805,143.30606,"Hoye, Jaxson",10877074,"Griffith, Hudson",1000200787,"Kruse, Jacob",10877636,"Fong, Jared",1000371745,"Franco, Dominic",10877067,"Sanchez, Austin",1000475184,"Frankel, Reece",1000202518,true
f33c08e4-f3f5-406d-94d9-11c028960642,34,5bf39180-958a-11f0-8eba-7b90a1f8ec28,ce34b3c5-0631-4726-8e2d-381c3ca7b29c,2025-09-19,11:56:32.36,2025-09-19,18:56:32.36,2025-09-19T11:56:32.3630000-07:00,2025-09-19T18:56:32.3630000Z,SAN_BAR1,SAN_BAR1,Undefined,Undefined,NoShift,79.17985,67.72326,162.56351,29.71921,79.91412,-53.71709,139.68765,-28.18268,245.23087,-128.7038,291.51173,-16.21498,248.21107,143.16646,"Hoye, Jaxson",10877074,"Griffith, Hudson",1000200787,"Kruse, Jacob",10877636,"Fong, Jared",1000371745,"Franco, Dominic",10877067,"Sanchez, Austin",1000475184,"Frankel, Reece",1000202518,true
f33c08e4-f3f5-406d-94d9-11c028960642,35,7487aec0-958a-11f0-8eba-7b90a1f8ec28,50837d20-e21c-4f4e-af1f-d63558ee159c,2025-09-19,11:57:13.43,2025-09-19,18:57:13.43,2025-09-19T11:57:13.4310000-07:00,2025-09-19T18:57:13.4310000Z,SAN_BAR1,SAN_BAR1,Undefined,Undefined,RightInfieldShift,66.73866,62.43229,141.33543,39.38222,92.69006,-55.4338,147.71957,34.48184,269.58771,-208.44879,283.59884,57.08752,254.17956,139.64676,"Hoye, Jaxson",10877074,"Griffith, Hudson",1000200787,"Kruse, Jacob",10877636,"Fong, Jared",1000371745,"Franco, Dominic",10877067,"Sanchez, Austin",1000475184,"Frankel, Reece",1000202518,true
f33c08e4-f3f5-406d-94d9-11c028960642,36,7a975950-958a-11f0-8eba-7b90a1f8ec28,3d31a781-2182-438d-9df5-b38bec62aae9,2025-09-19,11:57:23.55,2025-09-19,18:57:23.55,2025-09-19T11:57:23.5570000-07:00,2025-09-19T18:57:23.5570000Z,SAN_BAR1,SAN_BAR1,Undefined,Undefined,LeftInfieldShift,142.82087,41.73761,142.05081,-16.30462,84.47661,-60.08223,107.05128,-36.47865,270.18324,-206.82699,267.60135,51.03007,242.16091,136.01211,"Hoye, Jaxson",10877074,"Griffith, Hudson",1000200787,"Kruse, Jacob",10877636,"Fong, Jared",1000371745,"Franco, Dominic",10877067,"Sanchez, Austin",1000475184,"Frankel, Reece",1000202518,true
f33c08e4-f3f5-406d-94d9-11c028960642,37,81414810-958a-11f0-8eba-7b90a1f8ec28,69922432-09b8-42cc-8b2a-f5f1576e0b0a,2025-09-19,11:57:34.89,2025-09-19,18:57:34.89,2025-09-19T11:57:34.8940000-07:00,2025-09-19T18:57:34.8940000Z,SAN_BAR1,SAN_BAR1,Undefined,Undefined,NoShift,64.55216,61.75496,138.80678,26.78889,84.89649,-63.09466,189.19414,-8.98222,265.70615,-207.28602,,,242.45442,136.48745,"Hoye, Jaxson",10877074,"Griffith, Hudson",1000200787,"Kruse, Jacob",10877636,"Fong, Jared",1000371745,"Franco, Dominic",10877067,"Sanchez, Austin",1000475184,"Frankel, Reece",1000202518,true
f33c08e4-f3f5-406d-94d9-11c028960642,38,97d9e370-958a-11f0-8eba-7b90a1f8ec28,45b53c6a-6ac6-4da0-b7f6-5bd2877d1b29,2025-09-19,11:58:12.66,2025-09-19,18:58:12.66,2025-09-19T11:58:12.6640000-07:00,2025-09-19T18:58:12.6640000Z,SAN_BAR1,SAN_BAR1,Undefined,Undefined,NoShift,70.84624,60.76656,139.75442,27.37537,80.21955,-38.67172,248.29711,-76.1924,267.82719,-203.37461,260.09403,8.42308,211.13272,121.60139,"Hoye, Jaxson",10877074,"Griffith, Hudson",1000200787,"Kruse, Jacob",10877636,"Fong, Jared",1000371745,"Franco, Dominic",10877067,"Sanchez, Austin",1000475184,"Frankel, Reece",1000202518,true
f33c08e4-f3f5-406d-94d9-11c028960642,39,b2d0a8d0-958a-11f0-8eba-7b90a1f8ec28,c20abda4-9a71-479c-9e39-a490cf0cd2cb,2025-09-19,11:58:57.87,2025-09-19,18:58:57.87,2025-09-19T11:58:57.8780000-07:00,2025-09-19T18:58:57.8780000Z,SAN_BAR1,SAN_BAR1,Undefined,Undefined,NoShift,86.61709,61.19597,141.79733,30.68462,83.05957,-57.62892,129.28044,-22.88235,270.78278,-201.54439,276.19328,18.0103,235.877,145.73772,"Hoye, Jaxson",10877074,"Griffith, Hudson",1000200787,"Kruse, Jacob",10877636,"Fong, Jared",1000371745,"Franco, Dominic",10877067,"Sanchez, Austin",1000475184,"Frankel, Reece",1000202518,true
f33c08e4-f3f5-406d-94d9-11c028960642,40,bca6d140-958a-11f0-8eba-7b90a1f8ec28,782c2414-2233-4022-a338-447de2df2135,2025-09-19,11:59:14.37,2025-09-19,18:59:14.37,2025-09-19T11:59:14.3760000-07:00,2025-09-19T18:59:14.3760000Z,SAN_BAR1,SAN_BAR1,Undefined,Undefined,NoShift,87.20794,60.28387,138.26829,28.08836,83.95851,-58.31227,131.01858,-24.27737,267.91867,-208.16792,276.14743,19.31119,238.03504,144.99437,"Hoye, Jaxson",10877074,"Griffith, Hudson",1000200787,"Kruse, Jacob",10877636,"Fong, Jared",1000371745,"Franco, Dominic",10877067,"Sanchez, Austin",1000475184,"Frankel, Reece",1000202518,true
f33c08e4-f3f5-406d-94d9-11c028960642,41,cb263670-958a-11f0-8eba-7b90a1f8ec28,cd2ef652-3ef2-4570-b7ba-195401db8e93,2025-09-19,11:59:38.89,2025-09-19,18:59:38.89,2025-09-19T11:59:38.8900000-07:00,2025-09-19T18:59:38.8900000Z,SAN_BAR1,SAN_BAR1,Undefined,Undefined,NoShift,64.20183,59.35723,137.95101,26.82105,79.47112,-56.55394,,,241.3763,-125.45694,271.6731,21.8395,240.03477,151.13671,"Hoye, Jaxson",10877074,"Griffith, Hudson",1000200787,"Kruse, Jacob",10877636,"Fong, Jared",1000371745,"Franco, Dominic",10877067,"Sanchez, Austin",1000475184,"Frankel, Reece",1000202518,true
f33c08e4-f3f5-406d-94d9-11c028960642,42,e24e8eb0-958a-11f0-8eba-7b90a1f8ec28,2040e896-51d7-4ddd-b744-4e2ffbec690e,2025-09-19,12:00:17.55,2025-09-19,19:00:17.55,2025-09-19T12:00:17.5570000-07:00,2025-09-19T19:00:17.5570000Z,SAN_BAR1,SAN_BAR1,Undefined,Undefined,NoShift,85.76628,67.40716,151.39656,27.63721,78.13581,-54.91748,,,239.90195,-130.01696,249.86244,19.25563,238.81264,159.51066,"Hoye, Jaxson",10877074,"Griffith, Hudson",1000200787,"Kruse, Jacob",10877636,"Fong, Jared",1000371745,"Franco, Dominic",10877067,"Sanchez, Austin",1000475184,"Frankel, Reece",1000202518,true
f33c08e4-f3f5-406d-94d9-11c028960642,43,ebfd5900-958a-11f0-8eba-7b90a1f8ec28,0989652b-10f6-4e45-bc88-f8cb24329df1,2025-09-19,12:00:33.83,2025-09-19,19:00:33.83,2025-09-19T12:00:33.8380000-07:00,2025-09-19T19:00:33.8380000Z,SAN_BAR1,SAN_BAR1,Undefined,Undefined,NoShift,87.58802,65.11515,132.88342,27.02955,78.80422,-56.60953,129.60035,-21.20709,268.45932,-203.46608,251.66314,17.89012,241.09319,151.71777,"Hoye, Jaxson",10877074,"Griffith, Hudson",1000200787,"Kruse, Jacob",10877636,"Fong, Jared",1000371745,"Franco, Dominic",10877067,"Sanchez, Austin",1000475184,"Frankel, Reece",1000202518,true
f33c08e4-f3f5-406d-94d9-11c028960642,44,f8eef240-958a-11f0-8eba-7b90a1f8ec28,4e25a22f-b598-4c3c-a396-0fdddb9c9c8c,2025-09-19,12:00:55.54,2025-09-19,19:00:55.54,2025-09-19T12:00:55.5470000-07:00,2025-09-19T19:00:55.5470000Z,SAN_BAR1,SAN_BAR1,Undefined,Undefined,NoShift,64.68168,59.57431,137.00557,25.2001,75.94825,-57.08509,130.90193,-25.64372,239.42221,-132.00604,251.10075,20.11477,239.64805,159.10425,"Hoye, Jaxson",10877074,"Griffith, Hudson",1000200787,"Kruse, Jacob",10877636,"Fong, Jared",1000371745,"Franco, Dominic",10877067,"Sanchez, Austin",1000475184,"Frankel, Reece",1000202518,true
f33c08e4-f3f5-406d-94d9-11c028960642,45,0b354a80-958b-11f0-8eba-7b90a1f8ec28,5fbfb2fb-2741-43c6-a0e1-6c261dfe29e0,2025-09-19,12:01:26.34,2025-09-19,19:01:26.34,2025-09-19T12:01:26.3450000-07:00,2025-09-19T19:01:26.3450000Z,SAN_BAR1,SAN_BAR1,Undefined,Undefined,NoShift,91.5023,73.39217,137.1426,25.2864,81.0415,-57.36183,130.64663,-22.30032,266.12638,-216.77585,259.95335,14.73026,234.11764,138.24816,"Hoye, Jaxson",10877074,"Griffith, Hudson",1000200787,"Kruse, Jacob",10877636,"Fong, Jared",1000371745,"Franco, Dominic",10877067,"Sanchez, Austin",1000475184,"Frankel, Reece",1000202518,true
f33c08e4-f3f5-406d-94d9-11c028960642,46,2287c000-958b-11f0-8eba-7b90a1f8ec28,5cd6a326-789e-41ff-9d52-2ea3b789dc97,2025-09-19,12:02:05.52,2025-09-19,19:02:05.52,2025-09-19T12:02:05.5290000-07:00,2025-09-19T19:02:05.5290000Z,SAN_BAR1,SAN_BAR1,Undefined,Undefined,NoShift,94.45108,70.8113,138.75979,26.62594,80.54602,-55.75783,129.26929,-20.64997,278.13778,-189.95045,251.10682,17.54725,235.38661,155.56201,"Hoye, Jaxson",10877074,"Griffith, Hudson",1000200787,"Kruse, Jacob",10877636,"Fong, Jared",1000371745,"Franco, Dominic",10877067,"Sanchez, Austin",1000475184,"Frankel, Reece",1000202518,true
f33c08e4-f3f5-406d-94d9-11c028960642,47,3316a440-958b-11f0-8eba-7b90a1f8ec28,cb81d1ca-b852-4f01-aedc-548bb4e4e69b,2025-09-19,12:02:33.32,2025-09-19,19:02:33.32,2025-09-19T12:02:33.3240000-07:00,2025-09-19T19:02:33.3240000Z,SAN_BAR1,SAN_BAR1,Undefined,Undefined,NoShift,64.56052,59.14672,158.75462,29.6057,80.51919,-57.13017,,,238.0319,-122.95149,247.47569,19.19314,238.7136,150.00341,"Hoye, Jaxson",10877074,"Griffith, Hudson",1000200787,"Kruse, Jacob",10877636,"Fong, Jared",1000371745,"Franco, Dominic",10877067,"Sanchez, Austin",1000475184,"Frankel, Reece",1000202518,true
f33c08e4-f3f5-406d-94d9-11c028960642,48,41162b10-958b-11f0-8eba-7b90a1f8ec28,a3a87180-3388-4f8f-aa0c-210092fa1755,2025-09-19,12:02:56.55,2025-09-19,19:02:56.55,2025-09-19T12:02:56.5560000-07:00,2025-09-19T19:02:56.5560000Z,SAN_BAR1,SAN_BAR1,Undefined,Undefined,NoShift,63.14991,59.16006,158.97616,30.15232,80.65641,-57.2844,,,238.66674,-123.42495,256.43364,18.66257,226.60631,143.3664,"Hoye, Jaxson",10877074,"Griffith, Hudson",1000200787,"Kruse, Jacob",10877636,"Fong, Jared",1000371745,"Franco, Dominic",10877067,"Sanchez, Austin",1000475184,"Frankel, Reece",1000202518,true
f33c08e4-f3f5-406d-94d9-11c028960642,49,4c67f700-958b-11f0-8eba-7b90a1f8ec28,7fe5b9a5-87ca-4951-ba3b-029cd592c320,2025-09-19,12:03:15.80,2025-09-19,19:03:15.80,2025-09-19T12:03:15.8040000-07:00,2025-09-19T19:03:15.8040000Z,SAN_BAR1,SAN_BAR1,Undefined,Undefined,NoShift,64.83357,58.51276,158.38236,29.30554,80.44469,-57.52823,,,241.29852,-125.47909,256.7377,17.64799,223.19528,139.26342,"Hoye, Jaxson",10877074,"Griffith, Hudson",1000200787,"Kruse, Jacob",10877636,"Fong, Jared",1000371745,"Franco, Dominic",10877067,"Sanchez, Austin",1000475184,"Frankel, Reece",1000202518,true
f33c08e4-f3f5-406d-94d9-11c028960642,50,589f6800-958b-11f0-8eba-7b90a1f8ec28,7ee36561-1f47-458c-98c3-8983a1a4ad16,2025-09-19,12:03:36.10,2025-09-19,19:03:36.10,2025-09-19T12:03:36.1070000-07:00,2025-09-19T19:03:36.1070000Z,SAN_BAR1,SAN_BAR1,Undefined,Undefined,NoShift,64.77407,56.71044,158.9886,22.86199,78.96734,-58.85743,145.33561,-10.88253,238.72789,-125.63629,265.95596,18.48296,239.07385,160.99664,"Hoye, Jaxson",10877074,"Griffith, Hudson",1000200787,"Kruse, Jacob",10877636,"Fong, Jared",1000371745,"Franco, Dominic",10877067,"Sanchez, Austin",1000475184,"Frankel, Reece",1000202518,true
f33c08e4-f3f5-406d-94d9-11c028960642,51,6a0460f0-958b-11f0-8eba-7b90a1f8ec28,d4e7b8a7-199b-4f14-81a1-79b8dc18351b,2025-09-19,12:04:05.48,2025-09-19,19:04:05.48,2025-09-19T12:04:05.4810000-07:00,2025-09-19T19:04:05.4810000Z,SAN_BAR1,SAN_BAR1,Undefined,Undefined,NoShift,63.57768,59.88692,136.56492,26.38809,79.36567,-57.07164,137.1448,-27.38228,240.81199,-128.14438,261.20249,17.48667,235.13247,152.41273,"Hoye, Jaxson",10877074,"Griffith, Hudson",1000200787,"Kruse, Jacob",10877636,"Fong, Jared",1000371745,"Franco, Dominic",10877067,"Sanchez, Austin",1000475184,"Frankel, Reece",1000202518,true
f33c08e4-f3f5-406d-94d9-11c028960642,52,757a2fa0-958b-11f0-8eba-7b90a1f8ec28,23a9690a-7aaf-4b72-a836-1c1ec3a18352,2025-09-19,12:04:24.65,2025-09-19,19:04:24.65,2025-09-19T12:04:24.6520000-07:00,2025-09-19T19:04:24.6520000Z,SAN_BAR1,SAN_BAR1,Undefined,Undefined,NoShift,64.34746,59.02427,137.0395,25.89212,82.70285,-56.08609,137.89734,-28.5548,238.72071,-127.28796,257.32297,17.89092,222.78492,148.87464,"Hoye, Jaxson",10877074,"Griffith, Hudson",1000200787,"Kruse, Jacob",10877636,"Fong, Jared",1000371745,"Franco, Dominic",10877067,"Sanchez, Austin",1000475184,"Frankel, Reece",1000202518,true
f33c08e4-f3f5-406d-94d9-11c028960642,53,804677e0-958b-11f0-8eba-7b90a1f8ec28,c6e456d7-39ac-47b7-accb-cf4638a9c4db,2025-09-19,12:04:42.77,2025-09-19,19:04:42.77,2025-09-19T12:04:42.7790000-07:00,2025-09-19T19:04:42.7790000Z,SAN_BAR1,SAN_BAR1,Undefined,Undefined,NoShift,64.92339,59.34955,136.25549,25.25638,81.36527,-56.73463,140.22186,-31.05913,238.43251,-126.97442,257.4916,17.75761,239.63436,161.18487,"Hoye, Jaxson",10877074,"Griffith, Hudson",1000200787,"Kruse, Jacob",10877636,"Fong, Jared",1000371745,"Franco, Dominic",10877067,"Sanchez, Austin",1000475184,"Frankel, Reece",1000202518,true
f33c08e4-f3f5-406d-94d9-11c028960642,54,9799b0b0-958b-11f0-8eba-7b90a1f8ec28,726b4bf7-2110-4a14-903e-d4bd274439b4,2025-09-19,12:05:21.94,2025-09-19,19:05:21.94,2025-09-19T12:05:21.9430000-07:00,2025-09-19T19:05:21.9430000Z,SAN_BAR1,SAN_BAR1,Undefined,Undefined,NoShift,77.82672,70.269,141.01931,27.25548,82.206,-53.92702,145.76073,-31.36487,261.33841,-127.4016,267.90295,3.55456,227.04464,142.8089,"Hoye, Jaxson",10877074,"Griffith, Hudson",1000200787,"Kruse, Jacob",10877636,"Fong, Jared",1000371745,"Franco, Dominic",10877067,"Sanchez, Austin",1000475184,"Frankel, Reece",1000202518,true
f33c08e4-f3f5-406d-94d9-11c028960642,55,a06e47a0-958b-11f0-8eba-7b90a1f8ec28,a9bd8718-fcd9-46d1-a088-85b124958962,2025-09-19,12:05:36.68,2025-09-19,19:05:36.68,2025-09-19T12:05:36.6810000-07:00,2025-09-19T19:05:36.6810000Z,SAN_BAR1,SAN_BAR1,Undefined,Undefined,NoShift,80.53113,69.00095,138.05077,21.33239,85.91989,-56.81693,139.64233,-32.22866,243.16402,-166.20046,255.38699,-21.4458,228.7728,143.24332,"Hoye, Jaxson",10877074,"Griffith, Hudson",1000200787,"Kruse, Jacob",10877636,"Fong, Jared",1000371745,"Franco, Dominic",10877067,"Sanchez, Austin",1000475184,"Frankel, Reece",1000202518,true
f33c08e4-f3f5-406d-94d9-11c028960642,56,ab1aabd0-958b-11f0-8eba-7b90a1f8ec28,0693bbb7-1c34-44b5-a069-5486a21738e8,2025-09-19,12:05:54.43,2025-09-19,19:05:54.43,2025-09-19T12:05:54.4300000-07:00,2025-09-19T19:05:54.4300000Z,SAN_BAR1,SAN_BAR1,Undefined,Undefined,NoShift,80.34192,68.26431,148.18404,23.93656,84.70211,-50.73954,127.26977,-24.99148,260.7562,-151.53935,266.12047,-9.38368,233.36383,141.9342,"Hoye, Jaxson",10877074,"Griffith, Hudson",1000200787,"Kruse, Jacob",10877636,"Fong, Jared",1000371745,"Franco, Dominic",10877067,"Sanchez, Austin",1000475184,"Frankel, Reece",1000202518,true
f33c08e4-f3f5-406d-94d9-11c028960642,57,b47fea00-958b-11f0-8eba-7b90a1f8ec28,b015d51a-59ca-4d4d-8217-fd9739dba580,2025-09-19,12:06:10.38,2025-09-19,19:06:10.38,2025-09-19T12:06:10.3870000-07:00,2025-09-19T19:06:10.3870000Z,SAN_BAR1,SAN_BAR1,Undefined,Undefined,LeftInfieldShift,80.86795,68.59853,64.65829,-13.65023,83.64407,-44.79206,,,239.56842,-125.41351,265.45387,-9.29599,235.1908,142.85713,"Hoye, Jaxson",10877074,"Griffith, Hudson",1000200787,"Kruse, Jacob",10877636,"Fong, Jared",1000371745,"Franco, Dominic",10877067,"Sanchez, Austin",1000475184,"Frankel, Reece",1000202518,true
f33c08e4-f3f5-406d-94d9-11c028960642,58,c4589da0-958b-11f0-8eba-7b90a1f8ec28,a3b38d8e-734d-4cd3-ae92-a57e01323f2e,2025-09-19,12:06:36.79,2025-09-19,19:06:36.79,2025-09-19T12:06:36.7980000-07:00,2025-09-19T19:06:36.7980000Z,SAN_BAR1,SAN_BAR1,Undefined,Undefined,NoShift,65.21404,55.6383,135.74792,24.67,79.74516,-53.60991,132.24967,-25.40605,240.35525,-126.36509,264.29101,18.66124,236.85552,158.20656,"Hoye, Jaxson",10877074,"Griffith, Hudson",1000200787,"Kruse, Jacob",10877636,"Fong, Jared",1000371745,"Franco, Dominic",10877067,"Sanchez, Austin",1000475184,"Frankel, Reece",1000202518,true
f33c08e4-f3f5-406d-94d9-11c028960642,59,d09b5940-958b-11f0-8eba-7b90a1f8ec28,c8b4d353-3090-431e-9bde-12e18e154615,2025-09-19,12:06:57.51,2025-09-19,19:06:57.51,2025-09-19T12:06:57.5170000-07:00,2025-09-19T19:06:57.5170000Z,SAN_BAR1,SAN_BAR1,Undefined,Undefined,NoShift,87.63014,65.93742,146.85606,23.27722,80.42561,-55.06079,134.18614,-27.12148,238.52916,-124.28971,265.0275,19.11176,237.66928,157.35865,"Hoye, Jaxson",10877074,"Griffith, Hudson",1000200787,"Kruse, Jacob",10877636,"Fong, Jared",1000371745,"Franco, Dominic",10877067,"Sanchez, Austin",1000475184,"Frankel, Reece",1000202518,true
f33c08e4-f3f5-406d-94d9-11c028960642,60,df6534f0-958b-11f0-8eba-7b90a1f8ec28,2df9d6fb-7923-431d-a2e7-dd3090b4fb1c,2025-09-19,12:07:22.35,2025-09-19,19:07:22.35,2025-09-19T12:07:22.3560000-07:00,2025-09-19T19:07:22.3560000Z,SAN_BAR1,SAN_BAR1,Undefined,Undefined,NoShift,64.79574,56.05034,136.15285,21.44237,80.03442,-55.32485,135.82062,-27.25159,239.37492,-124.82813,259.69385,16.84246,237.46431,157.64226,"Hoye, Jaxson",10877074,"Griffith, Hudson",1000200787,"Kruse, Jacob",10877636,"Fong, Jared",1000371745,"Franco, Dominic",10877067,"Sanchez, Austin",1000475184,"Frankel, Reece",1000202518,true
f33c08e4-f3f5-406d-94d9-11c028960642,61,ea54e3b0-958b-11f0-8eba-7b90a1f8ec28,183eb5f7-45aa-40fb-861a-ed3b72667ff2,2025-09-19,12:07:40.53,2025-09-19,19:07:40.53,2025-09-19T12:07:40.5310000-07:00,2025-09-19T19:07:40.5310000Z,SAN_BAR1,SAN_BAR1,Undefined,Undefined,NoShift,63.00253,59.51843,139.21016,22.79764,80.18028,-56.16429,137.72801,-29.11895,238.70949,-129.9626,258.76073,18.60061,236.97855,153.66463,"Hoye, Jaxson",10877074,"Griffith, Hudson",1000200787,"Kruse, Jacob",10877636,"Fong, Jared",1000371745,"Franco, Dominic",10877067,"Sanchez, Austin",1000475184,"Frankel, Reece",1000202518,true
f33c08e4-f3f5-406d-94d9-11c028960642,62,f91c4e60-958b-11f0-8eba-7b90a1f8ec28,79904b87-7814-4ee6-85f6-fb4b5086ed42,2025-09-19,12:08:05.50,2025-09-19,19:08:05.50,2025-09-19T12:08:05.5070000-07:00,2025-09-19T19:08:05.5070000Z,SAN_BAR1,SAN_BAR1,Undefined,Undefined,LeftInfieldShift,85.61564,62.15783,134.48523,-24.87963,81.19886,-56.62741,132.27548,-76.08974,243.80463,-131.71949,257.49418,19.03385,235.56415,153.02319,"Hoye, Jaxson",10877074,"Griffith, Hudson",1000200787,"Kruse, Jacob",10877636,"Fong, Jared",1000371745,"Franco, Dominic",10877067,"Sanchez, Austin",1000475184,"Frankel, Reece",1000202518,true
f33c08e4-f3f5-406d-94d9-11c028960642,63,048fac10-958c-11f0-8eba-7b90a1f8ec28,66682689-f7ed-4222-b0ef-d8768a11daf7,2025-09-19,12:08:24.70,2025-09-19,19:08:24.70,2025-09-19T12:08:24.7010000-07:00,2025-09-19T19:08:24.7010000Z,SAN_BAR1,SAN_BAR1,Undefined,Undefined,NoShift,64.15556,59.14503,154.23729,19.6597,82.40033,-56.57109,134.39783,-24.64823,240.99323,-130.46429,263.77248,19.59123,236.77194,153.71063,"Hoye, Jaxson",10877074,"Griffith, Hudson",1000200787,"Kruse, Jacob",10877636,"Fong, Jared",1000371745,"Franco, Dominic",10877067,"Sanchez, Austin",1000475184,"Frankel, Reece",1000202518,true
f33c08e4-f3f5-406d-94d9-11c028960642,64,10a1e1d0-958c-11f0-8eba-7b90a1f8ec28,26dfde39-f671-4ba3-b7a2-dbf85878214d,2025-09-19,12:08:44.99,2025-09-19,19:08:44.99,2025-09-19T12:08:44.9930000-07:00,2025-09-19T19:08:44.9930000Z,SAN_BAR1,SAN_BAR1,Undefined,Undefined,NoShift,64.9549,55.78134,154.07942,20.0613,81.38677,-55.94862,135.09752,-26.74992,241.16853,-130.98692,265.82707,20.2914,239.15887,155.22156,"Hoye, Jaxson",10877074,"Griffith, Hudson",1000200787,"Kruse, Jacob",10877636,"Fong, Jared",1000371745,"Franco, Dominic",10877067,"Sanchez, Austin",1000475184,"Frankel, Reece",1000202518,true
f33c08e4-f3f5-406d-94d9-11c028960642,65,209c7550-958c-11f0-8eba-7b90a1f8ec28,f52cdff6-2bd6-42ff-b110-4db48ee1fc2a,2025-09-19,12:09:11.77,2025-09-19,19:09:11.77,2025-09-19T12:09:11.7770000-07:00,2025-09-19T19:09:11.7770000Z,SAN_BAR1,SAN_BAR1,Undefined,Undefined,NoShift,64.5704,55.74609,155.65316,19.33001,81.33033,-56.18479,133.20611,-25.81209,239.45991,-129.43262,258.46148,20.13092,238.81701,156.72625,"Hoye, Jaxson",10877074,"Griffith, Hudson",1000200787,"Kruse, Jacob",10877636,"Fong, Jared",1000371745,"Franco, Dominic",10877067,"Sanchez, Austin",1000475184,"Frankel, Reece",1000202518,true
f33c08e4-f3f5-406d-94d9-11c028960642,66,3a719e10-958c-11f0-8eba-7b90a1f8ec28,cde0921c-0056-4c78-aaab-6f109895bb82,2025-09-19,12:09:55.12,2025-09-19,19:09:55.12,2025-09-19T12:09:55.1230000-07:00,2025-09-19T19:09:55.1230000Z,SAN_BAR1,SAN_BAR1,Undefined,Undefined,NoShift,89.30372,69.94504,132.43368,20.55689,81.16869,-54.36959,132.66439,-22.84591,236.24835,-127.07867,248.97946,16.18258,231.89116,157.21882,"Hoye, Jaxson",10877074,"Griffith, Hudson",1000200787,"Kruse, Jacob",10877636,"Fong, Jared",1000371745,"Franco, Dominic",10877067,"Sanchez, Austin",1000475184,"Frankel, Reece",1000202518,true
f33c08e4-f3f5-406d-94d9-11c028960642,67,4512b7a0-958c-11f0-8eba-7b90a1f8ec28,ad38db16-0cfd-4a47-a0d9-28b580589da0,2025-09-19,12:10:12.98,2025-09-19,19:10:12.98,2025-09-19T12:10:12.9840000-07:00,2025-09-19T19:10:12.9840000Z,SAN_BAR1,SAN_BAR1,Undefined,Undefined,NoShift,87.40677,45.15894,134.65506,20.90343,81.64196,-54.84208,134.46024,-29.43157,233.12781,-125.25402,255.31068,18.08108,228.54775,155.83128,"Hoye, Jaxson",10877074,"Griffith, Hudson",1000200787,"Kruse, Jacob",10877636,"Fong, Jared",1000371745,"Franco, Dominic",10877067,"Sanchez, Austin",1000475184,"Frankel, Reece",1000202518,true
f33c08e4-f3f5-406d-94d9-11c028960642,68,55657d40-958c-11f0-8eba-7b90a1f8ec28,85d1b569-535e-4c18-9d75-5853f32a6c39,2025-09-19,12:10:40.33,2025-09-19,19:10:40.33,2025-09-19T12:10:40.3300000-07:00,2025-09-19T19:10:40.3300000Z,SAN_BAR1,SAN_BAR1,Undefined,Undefined,NoShift,84.93839,61.42994,133.2528,20.62756,81.31563,-55.21188,132.19593,-25.16137,235.08741,-126.16962,255.97168,18.76553,238.74911,150.52332,"Hoye, Jaxson",10877074,"Griffith, Hudson",1000200787,"Kruse, Jacob",10877636,"Fong, Jared",1000371745,"Franco, Dominic",10877067,"Sanchez, Austin",1000475184,"Frankel, Reece",1000202518,true
f33c08e4-f3f5-406d-94d9-11c028960642,69,615de970-958c-11f0-8eba-7b90a1f8ec28,43e27a93-d120-47d4-9324-f12dbaac8713,2025-09-19,12:11:00.41,2025-09-19,19:11:00.41,2025-09-19T12:11:00.4130000-07:00,2025-09-19T19:11:00.4130000Z,SAN_BAR1,SAN_BAR1,Undefined,Undefined,NoShift,84.67122,60.65386,133.71215,22.02114,81.70617,-54.87792,128.62102,-24.57662,236.66213,-126.6051,253.02003,18.93431,235.76679,156.06838,"Hoye, Jaxson",10877074,"Griffith, Hudson",1000200787,"Kruse, Jacob",10877636,"Fong, Jared",1000371745,"Franco, Dominic",10877067,"Sanchez, Austin",1000475184,"Frankel, Reece",1000202518,true
f33c08e4-f3f5-406d-94d9-11c028960642,70,6c634310-958c-11f0-8eba-7b90a1f8ec28,d71c2542-8979-47b9-89de-46a5111e7e9e,2025-09-19,12:11:18.91,2025-09-19,19:11:18.91,2025-09-19T12:11:18.9120000-07:00,2025-09-19T19:11:18.9120000Z,SAN_BAR1,SAN_BAR1,Undefined,Undefined,NoShift,64.06089,59.18671,133.59725,22.50063,82.06292,-55.29416,131.43472,-25.59603,231.77667,-124.21775,252.67088,20.23507,240.49065,149.44964,"Hoye, Jaxson",10877074,"Griffith, Hudson",1000200787,"Kruse, Jacob",10877636,"Fong, Jared",1000371745,"Franco, Dominic",10877067,"Sanchez, Austin",1000475184,"Frankel, Reece",1000202518,true
f33c08e4-f3f5-406d-94d9-11c028960642,71,81388390-958c-11f0-8eba-7b90a1f8ec28,d3dcc6ec-09d1-4eab-ac49-481b7f4aa6d3,2025-09-19,12:11:53.78,2025-09-19,19:11:53.78,2025-09-19T12:11:53.7830000-07:00,2025-09-19T19:11:53.7830000Z,SAN_BAR1,SAN_BAR1,Undefined,Undefined,NoShift,85.32119,64.75175,133.80475,22.8735,82.70518,-53.76919,130.93263,-25.51525,257.44917,-196.83714,254.01989,19.57328,238.89835,134.40423,"Hoye, Jaxson",10877074,"Griffith, Hudson",1000200787,"Kruse, Jacob",10877636,"Fong, Jared",1000371745,"Franco, Dominic",10877067,"Sanchez, Austin",1000475184,"Frankel, Reece",1000202518,true
f33c08e4-f3f5-406d-94d9-11c028960642,72,8a3255c0-958c-11f0-8eba-7b90a1f8ec28,838acce4-3d5b-41d7-bab5-ffdba734bb4a,2025-09-19,12:12:08.94,2025-09-19,19:12:08.94,2025-09-19T12:12:08.9430000-07:00,2025-09-19T19:12:08.9430000Z,SAN_BAR1,SAN_BAR1,Undefined,Undefined,NoShift,87.07269,65.01859,135.55594,25.01016,81.68148,-56.05518,131.96897,-26.10751,260.34316,-194.05712,253.04355,20.72449,238.36546,133.8356,"Hoye, Jaxson",10877074,"Griffith, Hudson",1000200787,"Kruse, Jacob",10877636,"Fong, Jared",1000371745,"Franco, Dominic",10877067,"Sanchez, Austin",1000475184,"Frankel, Reece",1000202518,true